method_name,query_count,top_k,hit_at_1,hit_at_3,mrr_at_3,no_result_rate
Lexical TF-IDF,14,3,0.5714285714285714,0.8571428571428571,0.7023809285714285,0.0
Semantic Embedding,14,3,0.7857142857142857,0.9285714285714286,0.8571428571428571,0.0
Hybrid RRF,14,3,0.7142857142857143,0.9285714285714286,0.797619,0.0
Semantic + Cross-Encoder Reranker,14,3,0.7857142857142857,0.9285714285714286,0.8452380714285714,0.0
