dimension,case_count,human_average,judge_average,exact_agreement_rate,within_one_point_rate,mean_absolute_difference
context_relevance,12,2.75,4.0,0.16666666666666666,0.5833333333333334,1.25
groundedness,12,3.75,2.25,0.16666666666666666,0.3333333333333333,1.5
answer_relevance,12,3.6666666666666665,3.5833333333333335,0.5833333333333334,1.0,0.4166666666666667
hallucination_control,12,3.75,2.25,0.16666666666666666,0.3333333333333333,1.5
