triggering_rule_id,deterministic_outcome,cases,context_precision,context_recall,faithfulness,answer_relevancy,reference_chunk_hit_rate
DEV-001,INFO_REQUIRED,2,0.749999999925,0.5,0.7285714285714285,0.5132347480066737,0.0
EVD-001,INFO_REQUIRED,1,0.5833333333041666,1.0,0.8,0.5435170832184554,1.0
ANM-001,MANUAL_REVIEW,1,0.3333333333,0.0,0.6666666666666666,0.6025714583562125,0.0
DATA-002,MANUAL_REVIEW,1,0.49999999995,0.5,0.5625,0.5866361130252827,0.0
EVD-002,MANUAL_REVIEW,1,0.9999999999666667,1.0,0.5,0.5492135725011883,1.0
COV-001,NOT_ELIGIBLE,2,0.999999999925,0.75,0.55,0.5614046316841581,0.5
LIM-001,NOT_ELIGIBLE,1,0.0,0.0,0.7,0.5368880374933863,0.0
OUT-001,PROCEED,3,0.3333333333,0.0,0.5782051282051283,0.4765321891526187,0.0
