metric,mean,median,minimum,maximum
Context Precision,0.5763888888434027,0.49999999995,0.0,0.9999999999666667
Context Recall,0.4166666666666667,0.25,0.0,1.0
Faithfulness,0.6267437423687424,0.6,0.38461538461538464,0.8571428571428571
Answer Relevancy,0.5331417992861706,0.5402025603559208,0.4679537688599586,0.6025714583562125
